{
  "customers": [
    {
      "id": "1",
      "customer_name": "Ellen Hansen",
      "customer_id": "f5c09c91-0d7e-43b8-b68f-60ce30178868"
    },
    {
      "id": "2",
      "customer_name": "Pasha Biceps",
      "customer_id": "536e7531-d364-4f8c-9b2c-6d83671b35d8"
    },
    {
      "id": "3",
      "customer_name": "Oskar Krüger",
      "customer_id": "3a114840-15ea-4b50-8a5e-8e9bf1ac9b0f"
    },
    {
      "id": "4",
      "customer_name": "Rasmus Winther",
      "customer_id": "a944764f-c1d5-4cd5-a19a-78b4d148609c"
    },
    {
      "id": "5",
      "customer_name": "Peter Nord",
      "customer_id": "e61d7a35-8a09-4c75-a9d2-43105d8b74e1"
    },
    {
      "id": "6",
      "customer_name": "test",
      "customer_id": "f4a35ae7-bf88-4ba2-b1be-9a24a22ffb6b"
    },
    {
      "customer_name": "Phillip A. Friis",
      "customer_id": "11421ce1-c98b-4ae4-9f20-bda1554f32c7",
      "id": "D0Ef_RQ"
    },
    {
      "customer_name": "Michael Søndergaard",
      "customer_id": "655ac4f6-2d92-4ced-a9d8-0e7be769e792",
      "id": "k9iSt5B"
    }
  ],
  "products": [
    {
      "product_name": "Surferboard 3000",
      "product_id": "6c7e4642-2fc2-4766-9b2d-7786d69a6f28",
      "product_cost": 1000
    },
    {
      "product_name": "Ultra Pepsi Max",
      "product_id": "f8ec3c25-246f-40e7-9a5b-f3b2615d74a5",
      "product_cost": 20
    },
    {
      "product_name": "Jabra Galaxy Slim pro",
      "product_id": "7e0d7298-5067-4f1e-a55f-2051099b9d32",
      "product_cost": 199
    },
    {
      "product_name": "Pear Polo Premium",
      "product_id": "354fa2b7-b0b8-4c7b-b67e-becf7e5b1d96",
      "product_cost": 99
    },
    {
      "product_name": "Adidas Monster T-Shirt",
      "product_id": "81af18da-7c37-4a2a-af52-7994f9aa8366",
      "product_cost": 1299
    }
  ],
  "orders": [
    {
      "customer_id": "f5c09c91-0d7e-43b8-b68f-60ce30178868",
      "customer_name": "Ellen Hansen",
      "products": [
        {
          "product_id": "6c7e4642-2fc2-4766-9b2d-7786d69a6f28",
          "product_name": "Surferboard 3000",
          "product_cost": 1000,
          "quantity": 1
        },
        {
          "product_id": "f8ec3c25-246f-40e7-9a5b-f3b2615d74a5",
          "product_name": "Ultra Pepsi Max",
          "product_cost": 20,
          "quantity": 3
        }
      ],
      "status": "20 - Order Placed",
      "date": "14.4.2023 13.12.35",
      "price": 1060,
      "id": 216598406
    },
    {
      "customer_id": "536e7531-d364-4f8c-9b2c-6d83671b35d8",
      "customer_name": "Pasha Biceps",
      "products": [
        {
          "product_id": "81af18da-7c37-4a2a-af52-7994f9aa8366",
          "product_name": "Adidas Monster T-Shirt",
          "product_cost": 1299,
          "quantity": 10
        },
        {
          "product_id": "7e0d7298-5067-4f1e-a55f-2051099b9d32",
          "product_name": "Jabra Galaxy Slim pro",
          "product_cost": 199,
          "quantity": 2
        }
      ],
      "status": "20 - Order Placed",
      "date": "14.4.2023 13.12.47",
      "price": 13388,
      "id": 216598508
    },
    {
      "customer_id": "3a114840-15ea-4b50-8a5e-8e9bf1ac9b0f",
      "customer_name": "Oskar Krüger",
      "products": [
        {
          "product_id": "7e0d7298-5067-4f1e-a55f-2051099b9d32",
          "product_name": "Jabra Galaxy Slim pro",
          "product_cost": 199,
          "quantity": 1
        }
      ],
      "status": "20 - Order Placed",
      "date": "14.4.2023 13.12.54",
      "price": 199,
      "id": 216598609
    },
    {
      "customer_id": "3a114840-15ea-4b50-8a5e-8e9bf1ac9b0f",
      "customer_name": "Oskar Krüger",
      "products": [
        {
          "product_id": "f8ec3c25-246f-40e7-9a5b-f3b2615d74a5",
          "product_name": "Ultra Pepsi Max",
          "product_cost": 20,
          "quantity": 2
        },
        {
          "product_id": "81af18da-7c37-4a2a-af52-7994f9aa8366",
          "product_name": "Adidas Monster T-Shirt",
          "product_cost": 1299,
          "quantity": 1
        }
      ],
      "status": "20 - Order Placed",
      "date": "14.4.2023 13.13.04",
      "price": 1339,
      "id": 216598650
    },
    {
      "customer_id": "e61d7a35-8a09-4c75-a9d2-43105d8b74e1",
      "customer_name": "Peter Nord",
      "products": [
        {
          "product_id": "6c7e4642-2fc2-4766-9b2d-7786d69a6f28",
          "product_name": "Surferboard 3000",
          "product_cost": 1000,
          "quantity": 2
        },
        {
          "product_id": "354fa2b7-b0b8-4c7b-b67e-becf7e5b1d96",
          "product_name": "Pear Polo Premium",
          "product_cost": 99,
          "quantity": 3
        }
      ],
      "status": "20 - Order Placed",
      "date": "14.4.2023 13.13.23",
      "price": 2297,
      "id": 216598751
    },
    {
      "customer_id": "a944764f-c1d5-4cd5-a19a-78b4d148609c",
      "customer_name": "Rasmus Winther",
      "products": [
        {
          "product_id": "81af18da-7c37-4a2a-af52-7994f9aa8366",
          "product_name": "Adidas Monster T-Shirt",
          "product_cost": 1299,
          "quantity": 1
        }
      ],
      "status": "20 - Order Placed",
      "date": "14.4.2023 13.13.32",
      "price": 1299,
      "id": 216598852
    },
    {
      "customer_id": "655ac4f6-2d92-4ced-a9d8-0e7be769e792",
      "customer_name": "Michael Søndergaard",
      "products": [
        {
          "product_id": "f8ec3c25-246f-40e7-9a5b-f3b2615d74a5",
          "product_name": "Ultra Pepsi Max",
          "product_cost": 20,
          "quantity": 5
        }
      ],
      "status": "20 - Order Placed",
      "date": "14.4.2023 13.18.45",
      "price": 100,
      "id": 216598853
    }
  ]
}